-- Seed: demo accounts + demo facility. Generated by scripts/gen-seed.mjs.
-- Idempotent via deterministic ids + ON CONFLICT DO NOTHING.

INSERT INTO auth_credentials (user_id, email, password_hash, password_salt, created_at) VALUES ('usr-demo-operator', 'operator@demo.sanctum.app', '06b85ed7f32eee4fb0e8441c5d4fc00d1eb136872d0bedd9f83966790c2c1a37', 'zeIhe0BDnMW09meF1TNReQ', '2026-06-01T12:00:00.000Z') ON CONFLICT(user_id) DO UPDATE SET password_hash=excluded.password_hash, password_salt=excluded.password_salt;
INSERT INTO profiles (id, email, full_name, role, organization_name, created_at, updated_at) VALUES ('usr-demo-operator', 'operator@demo.sanctum.app', 'Grace Okafor', 'operator', 'St. Brigid Community Center', '2026-06-01T12:00:00.000Z', '2026-06-01T12:00:00.000Z') ON CONFLICT(id) DO NOTHING;
INSERT INTO auth_credentials (user_id, email, password_hash, password_salt, created_at) VALUES ('usr-demo-renter', 'renter@demo.sanctum.app', '00de633757b37cdc570e8627006d3874c0f967df82442fd9b16657bd73208ae2', 'kFAxkR1fj8mBCVQJwuqmjg', '2026-06-01T12:00:00.000Z') ON CONFLICT(user_id) DO UPDATE SET password_hash=excluded.password_hash, password_salt=excluded.password_salt;
INSERT INTO profiles (id, email, full_name, role, organization_name, created_at, updated_at) VALUES ('usr-demo-renter', 'renter@demo.sanctum.app', 'Marcus Bell', 'renter', 'Northside Youth Theater', '2026-06-01T12:00:00.000Z', '2026-06-01T12:00:00.000Z') ON CONFLICT(id) DO NOTHING;
INSERT INTO auth_credentials (user_id, email, password_hash, password_salt, created_at) VALUES ('usr-demo-renter2', 'renter2@demo.sanctum.app', 'd731f3c8f5bf2ae962f6f27f595a97b36d52b5c064785071c1e70025c05f80a0', '-K-BpG3Lvt5BmB7-bla8Ig', '2026-06-01T12:00:00.000Z') ON CONFLICT(user_id) DO UPDATE SET password_hash=excluded.password_hash, password_salt=excluded.password_salt;
INSERT INTO profiles (id, email, full_name, role, organization_name, created_at, updated_at) VALUES ('usr-demo-renter2', 'renter2@demo.sanctum.app', 'Lena Park', 'renter', 'Riverside Quilters Guild', '2026-06-01T12:00:00.000Z', '2026-06-01T12:00:00.000Z') ON CONFLICT(id) DO NOTHING;
INSERT INTO auth_credentials (user_id, email, password_hash, password_salt, created_at) VALUES ('usr-demo-admin', 'admin@demo.sanctum.app', '6f47e58fced375ec51e71ae311023a87a66f084ee52b02e63e44c33b137a29f0', 'WhDjPBPW9GztnXEHJO3L_A', '2026-06-01T12:00:00.000Z') ON CONFLICT(user_id) DO UPDATE SET password_hash=excluded.password_hash, password_salt=excluded.password_salt;
INSERT INTO profiles (id, email, full_name, role, organization_name, created_at, updated_at) VALUES ('usr-demo-admin', 'admin@demo.sanctum.app', 'Sanctum Admin', 'admin', NULL, '2026-06-01T12:00:00.000Z', '2026-06-01T12:00:00.000Z') ON CONFLICT(id) DO NOTHING;

INSERT INTO facilities (id, operator_id, name, slug, denomination, description, address, city, state, zip, phone, email, website, plan, subscription_status, is_listed, requires_approval, require_coi, stripe_onboarded, created_at, updated_at) VALUES ('fac-usr-demo-operator', 'usr-demo-operator', 'St. Brigid Community Center', 'st-brigid-community-center', 'Nondenominational', 'A neighborhood community center with spaces for every gathering — from wedding receptions in the Fellowship Hall to workshops, recitals, and shared meals. We believe a building that sits empty is a gift waiting to be given.', '1420 Linden Avenue', 'Minneapolis', 'MN', '55404', '(612) 555-0142', 'hello@stbrigidcenter.org', 'https://stbrigidcenter.org', 'growth', 'active', 1, 0, 1, 1, '2026-06-01T12:00:00.000Z', '2026-06-01T12:00:00.000Z') ON CONFLICT(id) DO NOTHING;
INSERT INTO spaces (id, facility_id, name, space_type, description, capacity_persons, square_footage, hourly_rate_cents, half_day_rate_cents, full_day_rate_cents, weekend_hourly_rate_cents, deposit_amount_cents, amenities, allowed_uses, is_active, created_at, updated_at) VALUES ('spc-hall', 'fac-usr-demo-operator', 'Fellowship Hall', 'fellowship_hall', 'A bright, welcoming hall with hardwood floors, a stage, and a warming kitchen adjacent. Perfect for receptions, fundraisers, and community dinners.', 200, 3200, 12000, 40000, 70000, 15000, 25000, '["stage","kitchen_access","sound_system","wifi","parking","wheelchair_accessible","tables_chairs","restrooms"]', '["wedding","meeting","concert","community","class"]', 1, '2026-06-01T12:00:00.000Z', '2026-06-01T12:00:00.000Z') ON CONFLICT(id) DO NOTHING;
INSERT INTO spaces (id, facility_id, name, space_type, description, capacity_persons, square_footage, hourly_rate_cents, half_day_rate_cents, full_day_rate_cents, weekend_hourly_rate_cents, deposit_amount_cents, amenities, allowed_uses, is_active, created_at, updated_at) VALUES ('spc-chapel', 'fac-usr-demo-operator', 'The Chapel', 'chapel', 'An intimate chapel with warm light and excellent acoustics. A serene setting for small ceremonies, recitals, and gatherings.', 80, 1100, 9000, 30000, 50000, 12000, 20000, '["piano","sound_system","wheelchair_accessible","parking","restrooms"]', '["wedding","concert","community"]', 1, '2026-06-01T12:00:00.000Z', '2026-06-01T12:00:00.000Z') ON CONFLICT(id) DO NOTHING;
INSERT INTO spaces (id, facility_id, name, space_type, description, capacity_persons, square_footage, hourly_rate_cents, half_day_rate_cents, full_day_rate_cents, weekend_hourly_rate_cents, deposit_amount_cents, amenities, allowed_uses, is_active, created_at, updated_at) VALUES ('spc-class', 'fac-usr-demo-operator', 'Classroom 1', 'classroom', 'A flexible classroom with movable tables, a projector, and fast Wi-Fi. Ideal for workshops, tutoring, and small meetings.', 30, 600, 4000, 14000, 24000, 5000, 5000, '["projector","wifi","tables_chairs","air_conditioning","wheelchair_accessible"]', '["class","meeting","community"]', 1, '2026-06-01T12:00:00.000Z', '2026-06-01T12:00:00.000Z') ON CONFLICT(id) DO NOTHING;
INSERT INTO spaces (id, facility_id, name, space_type, description, capacity_persons, square_footage, hourly_rate_cents, half_day_rate_cents, full_day_rate_cents, weekend_hourly_rate_cents, deposit_amount_cents, amenities, allowed_uses, is_active, created_at, updated_at) VALUES ('spc-kitchen', 'fac-usr-demo-operator', 'Commercial Kitchen', 'kitchen', 'A fully-equipped commercial kitchen with two ovens, a six-burner range, prep tables, and ample cold storage. Health-department ready.', 12, 800, 8000, 28000, 48000, 10000, 30000, '["kitchen_access","wifi","parking","restrooms"]', '["class","community"]', 1, '2026-06-01T12:00:00.000Z', '2026-06-01T12:00:00.000Z') ON CONFLICT(id) DO NOTHING;
INSERT INTO spaces (id, facility_id, name, space_type, description, capacity_persons, square_footage, hourly_rate_cents, half_day_rate_cents, full_day_rate_cents, weekend_hourly_rate_cents, deposit_amount_cents, amenities, allowed_uses, is_active, created_at, updated_at) VALUES ('spc-gym', 'fac-usr-demo-operator', 'Community Gym', 'gym', 'A full-size gymnasium with a basketball court, bleachers, and an open floor plan. Great for sports, expos, and large gatherings.', 150, 5000, 10000, 35000, 60000, 13000, 20000, '["parking","restrooms","wheelchair_accessible","sound_system"]', '["community","meeting","concert"]', 1, '2026-06-01T12:00:00.000Z', '2026-06-01T12:00:00.000Z') ON CONFLICT(id) DO NOTHING;
INSERT INTO resources (id, facility_id, name, resource_type, quantity, flat_rate_cents, is_active, created_at, updated_at) VALUES ('res-tables', 'fac-usr-demo-operator', 'Round Tables (20)', 'furniture', 20, 5000, 1, '2026-06-01T12:00:00.000Z', '2026-06-01T12:00:00.000Z') ON CONFLICT(id) DO NOTHING;
INSERT INTO resources (id, facility_id, name, resource_type, quantity, flat_rate_cents, is_active, created_at, updated_at) VALUES ('res-chairs', 'fac-usr-demo-operator', 'Folding Chairs (200)', 'furniture', 200, 4000, 1, '2026-06-01T12:00:00.000Z', '2026-06-01T12:00:00.000Z') ON CONFLICT(id) DO NOTHING;
INSERT INTO resources (id, facility_id, name, resource_type, quantity, flat_rate_cents, is_active, created_at, updated_at) VALUES ('res-projector', 'fac-usr-demo-operator', 'Projector + Screen', 'av_equipment', 1, 3000, 1, '2026-06-01T12:00:00.000Z', '2026-06-01T12:00:00.000Z') ON CONFLICT(id) DO NOTHING;
INSERT INTO resources (id, facility_id, name, resource_type, quantity, flat_rate_cents, is_active, created_at, updated_at) VALUES ('res-pa', 'fac-usr-demo-operator', 'PA System', 'av_equipment', 1, 4500, 1, '2026-06-01T12:00:00.000Z', '2026-06-01T12:00:00.000Z') ON CONFLICT(id) DO NOTHING;
INSERT INTO resources (id, facility_id, name, resource_type, quantity, flat_rate_cents, is_active, created_at, updated_at) VALUES ('res-podium', 'fac-usr-demo-operator', 'Podium', 'furniture', 1, 1000, 1, '2026-06-01T12:00:00.000Z', '2026-06-01T12:00:00.000Z') ON CONFLICT(id) DO NOTHING;
INSERT INTO resources (id, facility_id, name, resource_type, quantity, flat_rate_cents, is_active, created_at, updated_at) VALUES ('res-urn', 'fac-usr-demo-operator', 'Coffee Urn (100 cup)', 'kitchen', 2, 1500, 1, '2026-06-01T12:00:00.000Z', '2026-06-01T12:00:00.000Z') ON CONFLICT(id) DO NOTHING;
INSERT INTO bookings (id, facility_id, space_id, renter_id, event_name, event_type, expected_attendance, start_time, end_time, subtotal_cents, total_cents, platform_fee_cents, status, created_at, updated_at) VALUES ('bkg-1', 'fac-usr-demo-operator', 'spc-hall', 'usr-demo-renter', 'Spring Benefit Dinner', 'community', 160, '2026-06-13T17:00:00.000Z', '2026-06-13T22:00:00.000Z', 70000, 70000, 1050, 'approved', '2026-06-01T12:00:00.000Z', '2026-06-01T12:00:00.000Z') ON CONFLICT(id) DO NOTHING;
INSERT INTO bookings (id, facility_id, space_id, renter_id, event_name, event_type, expected_attendance, start_time, end_time, subtotal_cents, total_cents, platform_fee_cents, status, created_at, updated_at) VALUES ('bkg-2', 'fac-usr-demo-operator', 'spc-class', 'usr-demo-renter2', 'Beginner Quilting Workshop', 'class', 18, '2026-06-09T10:00:00.000Z', '2026-06-09T14:00:00.000Z', 16000, 16000, 240, 'approved', '2026-06-01T12:00:00.000Z', '2026-06-01T12:00:00.000Z') ON CONFLICT(id) DO NOTHING;
INSERT INTO bookings (id, facility_id, space_id, renter_id, event_name, event_type, expected_attendance, start_time, end_time, subtotal_cents, total_cents, platform_fee_cents, status, created_at, updated_at) VALUES ('bkg-3', 'fac-usr-demo-operator', 'spc-chapel', 'usr-demo-renter', 'Youth Spring Recital', 'concert', 70, '2026-06-21T18:00:00.000Z', '2026-06-21T21:00:00.000Z', 30000, 30000, 450, 'confirmed', '2026-06-01T12:00:00.000Z', '2026-06-01T12:00:00.000Z') ON CONFLICT(id) DO NOTHING;
INSERT INTO bookings (id, facility_id, space_id, renter_id, event_name, event_type, expected_attendance, start_time, end_time, subtotal_cents, total_cents, platform_fee_cents, status, created_at, updated_at) VALUES ('bkg-4', 'fac-usr-demo-operator', 'spc-gym', 'usr-demo-renter2', 'Community Wellness Fair', 'community', 140, '2026-05-22T09:00:00.000Z', '2026-05-22T15:00:00.000Z', 60000, 60000, 900, 'completed', '2026-06-01T12:00:00.000Z', '2026-06-01T12:00:00.000Z') ON CONFLICT(id) DO NOTHING;
INSERT INTO bookings (id, facility_id, space_id, renter_id, event_name, event_type, expected_attendance, start_time, end_time, subtotal_cents, total_cents, platform_fee_cents, status, created_at, updated_at) VALUES ('bkg-5', 'fac-usr-demo-operator', 'spc-kitchen', 'usr-demo-renter', 'Holiday Meal Prep', 'community', 10, '2026-05-07T08:00:00.000Z', '2026-05-07T16:00:00.000Z', 48000, 48000, 720, 'completed', '2026-06-01T12:00:00.000Z', '2026-06-01T12:00:00.000Z') ON CONFLICT(id) DO NOTHING;
INSERT INTO reviews (id, booking_id, facility_id, space_id, renter_id, rating, headline, body, is_published, created_at, updated_at) VALUES ('rev-1', 'bkg-4', 'fac-usr-demo-operator', 'spc-gym', 'usr-demo-renter2', 5, 'Spacious and welcoming', 'The gym was spotless and the staff helped us set up. Our wellness fair was a huge success.', 1, '2026-06-01T12:00:00.000Z', '2026-06-01T12:00:00.000Z') ON CONFLICT(id) DO NOTHING;
INSERT INTO reviews (id, booking_id, facility_id, space_id, renter_id, rating, headline, body, is_published, created_at, updated_at) VALUES ('rev-2', 'bkg-5', 'fac-usr-demo-operator', 'spc-kitchen', 'usr-demo-renter', 5, 'A dream kitchen', 'Everything we needed to cook for 300 neighbors. Booking and payment were effortless.', 1, '2026-06-01T12:00:00.000Z', '2026-06-01T12:00:00.000Z') ON CONFLICT(id) DO NOTHING;
INSERT INTO reviews (id, booking_id, facility_id, space_id, renter_id, rating, headline, body, is_published, created_at, updated_at) VALUES ('rev-3', NULL, 'fac-usr-demo-operator', 'spc-hall', 'usr-demo-renter2', 4, 'Beautiful hall', 'Gorgeous light and plenty of room. Would book again for our annual gala.', 1, '2026-06-01T12:00:00.000Z', '2026-06-01T12:00:00.000Z') ON CONFLICT(id) DO NOTHING;
INSERT INTO reviews (id, booking_id, facility_id, space_id, renter_id, rating, headline, body, is_published, created_at, updated_at) VALUES ('rev-4', NULL, 'fac-usr-demo-operator', 'spc-chapel', 'usr-demo-renter', 5, 'Perfect acoustics', 'Our recital sounded incredible in the chapel. The piano was well-tuned.', 1, '2026-06-01T12:00:00.000Z', '2026-06-01T12:00:00.000Z') ON CONFLICT(id) DO NOTHING;
INSERT INTO compliance_docs (id, booking_id, renter_id, facility_id, doc_type, status, insurer_name, policy_number, coverage_amount_cents, expiration_date, uploaded_at, updated_at) VALUES ('coi-1', 'bkg-2', 'usr-demo-renter2', 'fac-usr-demo-operator', 'certificate_of_insurance', 'approved', 'Community Mutual', 'CM-884213', 100000000, '2026-12-31', '2026-06-01T12:00:00.000Z', '2026-06-01T12:00:00.000Z') ON CONFLICT(id) DO NOTHING;
INSERT INTO compliance_docs (id, booking_id, renter_id, facility_id, doc_type, status, insurer_name, policy_number, coverage_amount_cents, expiration_date, uploaded_at, updated_at) VALUES ('coi-2', 'bkg-3', 'usr-demo-renter', 'fac-usr-demo-operator', 'certificate_of_insurance', 'pending', 'Northside Insurance Co', 'NS-771209', 200000000, '2026-09-15', '2026-06-01T12:00:00.000Z', '2026-06-01T12:00:00.000Z') ON CONFLICT(id) DO NOTHING;
INSERT INTO compliance_docs (id, booking_id, renter_id, facility_id, doc_type, status, insurer_name, policy_number, coverage_amount_cents, expiration_date, uploaded_at, updated_at) VALUES ('coi-3', 'bkg-1', 'usr-demo-renter', 'fac-usr-demo-operator', 'certificate_of_insurance', 'pending', NULL, NULL, NULL, NULL, '2026-06-01T12:00:00.000Z', '2026-06-01T12:00:00.000Z') ON CONFLICT(id) DO NOTHING;
INSERT INTO leads (id, facility_id, name, email, organization, message, space_id, stage, created_at, updated_at) VALUES ('lead-1', 'fac-usr-demo-operator', 'Aisha Rahman', 'aisha@cityballet.org', 'City Youth Ballet', 'Interested in the Fellowship Hall for a weekend recital in the fall.', 'spc-hall', 'tour', '2026-06-01T12:00:00.000Z', '2026-06-01T12:00:00.000Z') ON CONFLICT(id) DO NOTHING;
INSERT INTO leads (id, facility_id, name, email, organization, message, space_id, stage, created_at, updated_at) VALUES ('lead-2', 'fac-usr-demo-operator', 'Tom Reilly', 'tom@reillyfamily.com', NULL, 'Looking to rent the chapel for a 50th anniversary celebration.', 'spc-chapel', 'inquiry', '2026-06-01T12:00:00.000Z', '2026-06-01T12:00:00.000Z') ON CONFLICT(id) DO NOTHING;
INSERT INTO leads (id, facility_id, name, email, organization, message, space_id, stage, created_at, updated_at) VALUES ('lead-3', 'fac-usr-demo-operator', 'Sofia Mendez', 'sofia@feedingneighbors.org', 'Feeding Neighbors', 'We run a weekly meal program and need kitchen access.', 'spc-kitchen', 'booked', '2026-06-01T12:00:00.000Z', '2026-06-01T12:00:00.000Z') ON CONFLICT(id) DO NOTHING;
INSERT INTO invoices (id, facility_id, booking_id, renter_id, invoice_number, line_items, subtotal_cents, total_cents, platform_fee_cents, status, paid_at, created_at, updated_at) VALUES ('inv-1', 'fac-usr-demo-operator', 'bkg-4', 'usr-demo-renter2', 'INV-20260522-A1B2C', '[{"label":"Community Wellness Fair","quantity":1,"unit_cents":60000,"amount_cents":60000}]', 60000, 60000, 900, 'paid', '2026-06-01T12:00:00.000Z', '2026-06-01T12:00:00.000Z', '2026-06-01T12:00:00.000Z') ON CONFLICT(id) DO NOTHING;
INSERT INTO invoices (id, facility_id, booking_id, renter_id, invoice_number, line_items, subtotal_cents, total_cents, platform_fee_cents, status, created_at, updated_at) VALUES ('inv-2', 'fac-usr-demo-operator', 'bkg-5', 'usr-demo-renter', 'INV-20260507-D3E4F', '[{"label":"Holiday Meal Prep","quantity":1,"unit_cents":48000,"amount_cents":48000}]', 48000, 48000, 720, 'sent', '2026-06-01T12:00:00.000Z', '2026-06-01T12:00:00.000Z') ON CONFLICT(id) DO NOTHING;
